subreddit,title,score,num_comments,id,url
politics,"Discussion Thread: US House and Senate Sessions on September 3, 2025",48,9,1n7f1z2,https://www.reddit.com/r/politics/comments/1n7f1z2/discussion_thread_us_house_and_senate_sessions_on/
politics,Discussion Thread: Reps. Khanna & Massie Hold a News Conference on Epstein Files,464,935,1n7f2ei,https://www.reddit.com/r/politics/comments/1n7f2ei/discussion_thread_reps_khanna_massie_hold_a_news/
politics,"Call Me Crazy, but I for One Still Want to Know if the President Committed Depraved Sex Crimes",27145,599,1n7osgn,https://slate.com/news-and-politics/2025/09/trump-epstein-files-discharge-petition-democrats-republicans.html
politics,Jeffrey Epstein Victims Reveal They’re Compiling Own Client List,30019,571,1n7inhd,https://www.thedailybeast.com/jeffrey-epstein-victims-reveal-theyre-compiling-own-client-list/
politics,"Trump, Who Campaigned on Releasing Epstein Files, Gets Roasted for Calling Them a ‘Democrat Hoax’",4412,102,1n7rjgc,https://www.huffpost.com/entry/trump-mocked-for-calling-epstein-files-scandal-democrat-hoax_n_68b895bde4b0e9fcc5f3ef39
politics,"MTG warns Epstein clients she’ll ‘say every damn name’ on House floor as she tells sex abuse victims, ‘Give me a list’",10133,436,1n7knhc,https://www.the-independent.com/news/world/americas/us-politics/marjorie-taylor-greene-epstein-files-clients-name-b2819459.html
politics,Donald Trump Is Going Down—and He Knows It,2663,516,1n7u4w0,https://www.thedailybeast.com/donald-trump-is-going-downand-he-knows-it/
politics,"If Trump loses his tariff lawsuit, America may have to refund businesses more than $200 billion",9179,691,1n7klqn,https://www.cnn.com/2025/09/03/economy/trump-tariff-refund
politics,Nancy Mace Turns Back on Epstein Survivors to Defend Trump,1921,260,1n7vwef,https://newrepublic.com/post/199971/nancy-mace-jeffrey-epstein-survivors-donald-trump?utm_source=Facebook&utm_campaign=SF_TNR&utm_medium=social&fbclid=IwdGRleAMluTJjbGNrAyW1KmV4dG4DYWVtAjExAAEe8lZFlVZxy48J1CNnfulNCiFG90_5_oq6oR2ulDOKZPCQuSecZeKmqCqcvW8_aem_dSRYNsJ6wuhJ49SBIVRf_A
politics,Trump Drowns Out Emotional Epstein Victims Rally With Noisy Flyover,7905,482,1n7ktyv,https://www.thedailybeast.com/trump-drowns-out-emotional-epstein-victims-rally-with-noisy-flyover/
politics,"Release Epstein client list or we will, survivors tell government",4910,206,1n7n4up,https://www.thetimes.com/us/news-today/article/survivors-jeffrey-epstein-press-conference-files-rtbd7vgmd
politics,Nancy Mace 'had full-blown panic attack' after meeting Epstein survivors,13498,880,1n7fuwn,https://www.newsweek.com/nancy-mace-panic-attack-jeffrey-epstein-2123575
politics,Three Republicans Defy Trump and Back Bill to Release Epstein Files,8936,203,1n7gdv8,https://newrepublic.com/post/199917/republicans-defy-trump-back-bill-release-epstein-files?utm_medium=social&utm_source=Twitter&utm_term=Autofeed&utm_campaign=SF_TNR
politics,HHS employees demand RFK Jr. resign for ‘compromising the health of this nation’,21073,367,1n7cm0w,https://www.cnn.com/2025/09/03/health/hhs-employees-letter-rfk-jr
politics,Frantic Trump Tries to Kill Vote to Force Open Epstein Files,16738,553,1n7daen,https://www.thedailybeast.com/frantic-trump-tries-to-kill-vote-to-force-open-epstein-files/
politics,"More than 1,000 HHS staff call on RFK Jr. to resign",12851,184,1n7e7in,https://thehill.com/policy/healthcare/5483021-hhs-employees-call-for-rfk-resignation/
politics,Judge voids $2.2 billion Harvard funding freeze by Trump administration,2128,36,1n7q2oa,https://www.cnbc.com/2025/09/03/trump-harvard-funding-freeze-court.html
politics,‘Sandwich man’ gets off: DC jury nullification in the age of Trump,7165,218,1n7g1y2,https://thehill.com/opinion/criminal-justice/5482449-the-sandwich-man-gets-off-jury-nullification-in-the-age-of-trump/
politics,It’s time for Chuck Schumer and Hakeem Jeffries to step down,8022,706,1n7e201,https://www.theguardian.com/commentisfree/2025/sep/03/democrats-chuck-schumer-hakeem-jeffries?CMP=Share_iOSApp_Other
politics,Massie: Trump ‘may be covering for some rich and powerful people’ in Epstein files,7806,458,1n7dhbr,https://thehill.com/homenews/house/5483247-massie-trump-epstein-files/
PoliticalDiscussion,Casual Questions Thread,87,8313,1bwbuka,https://www.reddit.com/r/PoliticalDiscussion/comments/1bwbuka/casual_questions_thread/
PoliticalDiscussion,"[Moderator Announcement] New Mod Applications, Rule Clarifications, and Community Feedback",2,12,1msce9l,https://www.reddit.com/r/PoliticalDiscussion/comments/1msce9l/moderator_announcement_new_mod_applications_rule/
PoliticalDiscussion,"Are Democratic Leaders Of Independent Redistricting States Failing To ""Meet This Moment""?",322,230,1n6zzvi,https://www.reddit.com/r/PoliticalDiscussion/comments/1n6zzvi/are_democratic_leaders_of_independent/
PoliticalDiscussion,"Why has it been so difficult for Democrats to get ""over the hump"" in North Carolina?",203,136,1n415bq,https://www.reddit.com/r/PoliticalDiscussion/comments/1n415bq/why_has_it_been_so_difficult_for_democrats_to_get/
PoliticalDiscussion,What do you think about Gavin Newsom's new social media campaign mocking Trump's posting style?,990,589,1n3h9ca,https://www.reddit.com/r/PoliticalDiscussion/comments/1n3h9ca/what_do_you_think_about_gavin_newsoms_new_social/
PoliticalDiscussion,Does the US constitution need to be amended to ensure no future president can get this far or further into a dictatorship again or is the problem potus and congress are breaking existing laws?,568,327,1n3f9s1,https://www.reddit.com/r/PoliticalDiscussion/comments/1n3f9s1/does_the_us_constitution_need_to_be_amended_to/
PoliticalDiscussion,Is it possible for US to collapse like into parts like 1991 USSR?,185,292,1n2ycte,https://www.reddit.com/r/PoliticalDiscussion/comments/1n2ycte/is_it_possible_for_us_to_collapse_like_into_parts/
PoliticalDiscussion,"If JD Vance is the Republican nominee in 2028 and loses the election, will he certify his own loss?",610,250,1n2l8ia,https://www.reddit.com/r/PoliticalDiscussion/comments/1n2l8ia/if_jd_vance_is_the_republican_nominee_in_2028_and/
PoliticalDiscussion,Is there any scenario where the U.S. military would intervene in politics if there is a real threat to the Constitution?,259,312,1n1u079,https://www.reddit.com/r/PoliticalDiscussion/comments/1n1u079/is_there_any_scenario_where_the_us_military_would/
PoliticalDiscussion,Why should a sitting President be held to the same legal standard as a civilian when it comes to lying or spreading misinformation?,0,40,1n37xll,https://www.reddit.com/r/PoliticalDiscussion/comments/1n37xll/why_should_a_sitting_president_be_held_to_the/
PoliticalDiscussion,"Trump said today: “I have the right to do anything I want to do. I’m the president of the United States”. People from the US, what are your thoughts on this?",411,346,1n1apvl,https://www.reddit.com/r/PoliticalDiscussion/comments/1n1apvl/trump_said_today_i_have_the_right_to_do_anything/
PoliticalDiscussion,"In 1795, Chief Justice Jay resigned to serve as Governor of New York. In 1832, Vice President Calhoun resigned to serve in the Senate. Could such a thing happen today? Is there any scenario where a prominent politician could resign to serve a ""lesser"" role, or has politics become too nationalized?",55,26,1n16f29,https://www.reddit.com/r/PoliticalDiscussion/comments/1n16f29/in_1795_chief_justice_jay_resigned_to_serve_as/
PoliticalDiscussion,Will the shooting at the Annunciation Catholic School in Minneapolis embolden Democrats to make gun control an issue in the 2026 midterms?,1,68,1n1l2p6,https://www.reddit.com/r/PoliticalDiscussion/comments/1n1l2p6/will_the_shooting_at_the_annunciation_catholic/
PoliticalDiscussion,"If allegations of mortgage fraud are cause for removal of Fed Governor Lisa Cook, would 34 felony counts of fraud be cause for removal of Trump?",409,61,1n09ltj,https://www.reddit.com/r/PoliticalDiscussion/comments/1n09ltj/if_allegations_of_mortgage_fraud_are_cause_for/
PoliticalDiscussion,"Trump has said the DOJ will be filing a lawsuit against California's redistricting effort. With a Republican majority on the Supreme Court, can this lawsuit actually prevent California from doing what Texas is doing, giving the Republicans a House advantage?",1299,267,1mzv1a2,https://www.reddit.com/r/PoliticalDiscussion/comments/1mzv1a2/trump_has_said_the_doj_will_be_filing_a_lawsuit/
PoliticalDiscussion,Should potential 2028 Democratic hopeful make campaign promises to recognize a Palestinian state?,0,265,1n0wgiu,https://www.reddit.com/r/PoliticalDiscussion/comments/1n0wgiu/should_potential_2028_democratic_hopeful_make/
PoliticalDiscussion,Is the rise of authoritarianism a systemic response to crises within liberal capitalism?,57,120,1mzn0u5,https://www.reddit.com/r/PoliticalDiscussion/comments/1mzn0u5/is_the_rise_of_authoritarianism_a_systemic/
PoliticalDiscussion,What is the tone for the DNC and the RNC primary's going to be like?,94,166,1mz6m1w,https://www.reddit.com/r/PoliticalDiscussion/comments/1mz6m1w/what_is_the_tone_for_the_dnc_and_the_rnc_primarys/
PoliticalDiscussion,How can U.S. voters influence the situation in Gaza?,0,116,1mzt9qg,https://www.reddit.com/r/PoliticalDiscussion/comments/1mzt9qg/how_can_us_voters_influence_the_situation_in_gaza/
PoliticalDiscussion,Can the Brownfield Problem Be Solved? What Are the Main Obstacles?,31,62,1myv6j9,https://www.reddit.com/r/PoliticalDiscussion/comments/1myv6j9/can_the_brownfield_problem_be_solved_what_are_the/
worldnews,"/r/WorldNews Live Thread: Russian Invasion of Ukraine Day 1287, Part 1 (Thread #1434)",494,116,1n74wj3,https://www.reddit.com/live/18hnzysb1elcs
worldnews,Zelenskyy on rejecting 'territory swap': We will not give anything to Putin,22051,657,1n7miac,https://newsukraine.rbc.ua/news/zelenskyy-on-rejecting-territory-swap-we-1756909140.html
worldnews,Putin tells Ukraine: End war via talks or I will end it by force,5500,1031,1n7lygq,https://www.reuters.com/world/europe/putin-tells-ukraine-end-war-via-talks-or-i-will-end-it-by-force-2025-09-03/
worldnews,Putin says he is ready to meet Zelenskiy in Moscow,16828,2201,1n7fogj,https://www.reuters.com/world/europe/putin-says-he-is-ready-meet-zelenskiy-moscow-2025-09-03/
worldnews,"US military kills 11 people in strike on alleged drug boat from Venezuela, Trump says",1885,459,1n7pof1,https://www.reuters.com/world/americas/us-military-kills-11-people-strike-alleged-drug-boat-venezuela-trump-says-2025-09-03/
worldnews,Donald Trump teases deploying more US troops to Russia's doorstep,2387,202,1n7n846,https://www.newsweek.com/donald-trump-karol-nawrocki-poland-nato-russia-troops-2123971
worldnews,"Trump says China conspiring against US with Putin, Kim meeting at military parade",4605,896,1n7e33e,https://abcnews.go.com/Politics/trump-reacts-putin-kim-jong-xi-chinas-military/story?id=125201888
worldnews,Xi and Putin overheard talking about organ transplants and immortality,15134,1204,1n790i4,https://www.abc.net.au/news/2025-09-03/xi-putin-overheard-talking-organ-transplants-immortality/105731084
worldnews,Hamas prevents civilian evacuation from Gaza City,2576,485,1n7hw1z,https://www.jpost.com/israel-news/defense-news/article-866195
worldnews,"Canada’s Alberta pauses book ban after schools remove Handmaid’s Tale, 1984 and other classics | Canada",1625,176,1n7kx2y,https://www.theguardian.com/world/2025/sep/03/canada-alberta-book-ban-pause
worldnews,Argentine police recover Nazi-looted painting spotted in property ad,475,18,1n7uxu6,https://www.france24.com/en/live-news/20250903-argentine-police-recover-nazi-looted-painting-spotted-in-property-ad
worldnews,US Pressuring Other Countries To Abandon Clean Energy & Climate Goals,6206,462,1n79jse,https://www.nytimes.com/2025/08/27/climate/trump-international-pressure-climate-oil.html
worldnews,Russia responds to Trump's 'conspiring' warning,1843,141,1n7gxsu,https://www.newsweek.com/russia-responds-trumps-conspiring-warning-2123579
worldnews,Ukraine to open weapons factory in Denmark,1650,23,1n7hx2y,https://www.politico.eu/article/ukraine-to-open-arms-factory-fire-point-denmark-vojens/
worldnews,At least 15 dead in funicular accident in Lisbon,647,105,1n7pw8q,https://www.cbc.ca/news/world/lisbon-portugal-gloria-funicular-derails-deaths-1.7624366
worldnews,"Xi Jinping says world faces ‘peace or war’, as Vladimir Putin and Kim Jong-un join him for military parade",16639,1853,1n75466,https://www.theguardian.com/world/2025/sep/03/china-military-parade-xi-jinping-appears-with-vladimir-putin-kim-jong-un
worldnews,"Russia Conscripting Abducted Ukrainian Children into Armed Forces, UK Intel Reports",954,32,1n7hoqc,https://united24media.com/latest-news/russia-conscripting-abducted-ukrainian-children-into-armed-forces-uk-intel-reports-11355?fbclid=PAdGRleAMlO9VleHRuA2FlbQIxMQABp6UpPB9LK7fcTXfhU4s2FA-cufKH6eRqi1fa8Xnb0I5d9gSOAOAytBqVpjNk_aem_pdaIw2TE-De_yq8AwFFzrQ
worldnews,Putin has no reason to end the war or make a peace deal with Ukraine – Germany’s Merz,4425,207,1n775ec,https://www.pravda.com.ua/eng/news/2025/09/3/7529086/
worldnews,Hegseth Signals More to Come After US Strike in Caribbean,618,173,1n7io83,https://www.bloomberg.com/news/articles/2025-09-03/hegseth-signals-more-to-come-after-us-strike-in-caribbean
worldnews,Ukraine Charges Kadyrov With War Crimes,1304,31,1n7boae,https://www.kyivpost.com/post/59366
